checkpoint,world,pair_key,starting_layout,rival_side,termination,winner,duration_ticks,duration_seconds,rival_touches,nexto_touches,first_toucher,rival_saves,nexto_saves,rival_flips,nexto_flips,rival_wavedash_candidates,nexto_wavedash_candidates,rival_speed_increasing_wavedash_candidates,nexto_speed_increasing_wavedash_candidates,rival_zapdash_candidates,nexto_zapdash_candidates,rival_double_dash_candidate_events,nexto_double_dash_candidate_events
plus_180,0,side0-layout0-slot0,0,Blue,goal,Nexto,924,7.7,3,5,Rival,1,0,5,3,0,0,0,0,0,0,0,0
plus_180,1,side0-layout1-slot1,1,Blue,goal,Nexto,1096,9.133333333333333,2,2,Rival,0,0,5,1,0,0,0,0,0,0,0,0
plus_180,2,side0-layout2-slot2,2,Blue,goal,Nexto,988,8.233333333333333,1,2,Nexto,1,0,3,2,0,0,0,0,0,0,0,0
plus_180,3,side0-layout3-slot3,3,Blue,goal,Nexto,1824,15.2,2,7,Rival,0,0,8,5,0,0,0,0,0,0,0,0
plus_180,4,side0-layout4-slot4,4,Blue,goal,Nexto,1940,16.166666666666668,2,36,Rival,0,0,10,4,0,0,0,0,0,0,0,0
plus_180,5,side0-layout0-slot5,0,Blue,goal,Nexto,2384,19.866666666666667,4,21,Rival,0,0,8,7,0,0,0,0,0,0,0,0
plus_180,6,side0-layout1-slot6,1,Blue,goal,Nexto,2468,20.566666666666666,3,8,Rival,0,0,10,3,0,0,0,0,0,0,0,0
plus_180,7,side0-layout2-slot7,2,Blue,goal,Rival,852,7.1,2,1,Nexto,1,0,3,2,0,0,0,0,0,0,0,0
plus_180,8,side0-layout3-slot8,3,Blue,goal,Nexto,1248,10.4,2,5,Rival,0,0,8,2,0,0,0,0,0,0,0,0
plus_180,9,side0-layout4-slot9,4,Blue,goal,Nexto,2328,19.4,4,8,Rival,0,0,9,6,1,0,0,0,0,0,0,0
plus_180,10,side0-layout0-slot10,0,Blue,goal,Nexto,1236,10.3,2,4,Rival,1,0,7,2,0,0,0,0,0,0,0,0
plus_180,11,side0-layout1-slot11,1,Blue,goal,Nexto,1668,13.9,2,5,Rival,0,0,9,3,0,0,0,0,0,0,0,0
plus_180,12,side0-layout2-slot12,2,Blue,goal,Nexto,832,6.933333333333334,1,3,Nexto,1,0,3,2,0,0,0,0,0,0,0,0
plus_180,13,side0-layout3-slot13,3,Blue,goal,Nexto,1508,12.566666666666666,2,3,Rival,0,0,7,4,0,0,0,0,0,0,0,0
plus_180,14,side0-layout4-slot14,4,Blue,goal,Nexto,2296,19.133333333333333,4,6,Rival,0,0,7,5,1,0,0,0,0,0,0,0
plus_180,15,side0-layout0-slot15,0,Blue,goal,Nexto,2180,18.166666666666668,2,5,Rival,0,0,7,4,0,0,0,0,0,0,0,0
plus_180,16,side0-layout1-slot16,1,Blue,goal,Rival,544,4.533333333333333,2,1,Rival,0,0,2,1,0,0,0,0,0,0,0,0
plus_180,17,side0-layout2-slot17,2,Blue,goal,Nexto,1336,11.133333333333333,0,7,Nexto,0,0,7,3,0,0,0,0,0,0,0,0
plus_180,18,side0-layout3-slot18,3,Blue,goal,Nexto,1416,11.8,2,10,Rival,0,0,6,3,1,0,1,0,0,0,0,0
plus_180,19,side0-layout4-slot19,4,Blue,goal,Nexto,1260,10.5,2,11,Rival,0,0,6,3,0,0,0,0,0,0,0,0
plus_180,20,side0-layout0-slot20,0,Blue,goal,Nexto,2160,18.0,3,25,Rival,0,0,12,3,0,0,0,0,0,0,0,0
plus_180,21,side0-layout1-slot21,1,Blue,goal,Nexto,896,7.466666666666667,1,3,Rival,0,0,5,1,0,0,0,0,0,0,0,0
plus_180,22,side0-layout2-slot22,2,Blue,goal,Nexto,1136,9.466666666666667,2,7,Rival,0,0,6,2,0,0,0,0,0,0,0,0
plus_180,23,side0-layout3-slot23,3,Blue,goal,Nexto,1548,12.9,2,4,Rival,0,0,9,3,0,0,0,0,0,0,0,0
plus_180,24,side0-layout4-slot24,4,Blue,goal,Nexto,1756,14.633333333333333,7,4,Rival,0,0,6,3,0,0,0,0,0,0,0,0
plus_180,25,side0-layout0-slot25,0,Blue,goal,Nexto,1520,12.666666666666666,1,4,Rival,0,0,5,2,0,0,0,0,0,0,0,0
plus_180,26,side0-layout1-slot26,1,Blue,goal,Nexto,1320,11.0,2,2,Rival,0,0,7,1,0,0,0,0,0,0,0,0
plus_180,27,side0-layout2-slot27,2,Blue,goal,Rival,992,8.266666666666667,3,2,Nexto,1,0,5,2,0,0,0,0,0,0,0,0
plus_180,28,side0-layout3-slot28,3,Blue,goal,Nexto,1364,11.366666666666667,2,3,Rival,0,0,5,3,1,1,1,1,0,0,0,0
plus_180,29,side0-layout4-slot29,4,Blue,goal,Nexto,872,7.266666666666667,2,2,Rival,0,0,3,2,0,0,0,0,0,0,0,0
plus_180,30,side0-layout0-slot30,0,Blue,goal,Nexto,1384,11.533333333333333,2,2,Rival,0,0,6,2,0,0,0,0,0,0,0,0
plus_180,31,side0-layout1-slot31,1,Blue,goal,Nexto,1464,12.2,2,4,Rival,0,1,8,3,0,0,0,0,0,0,0,0
plus_180,32,side0-layout2-slot32,2,Blue,goal,Rival,824,6.866666666666666,4,3,Rival,0,0,3,2,0,0,0,0,0,0,0,0
plus_180,33,side0-layout3-slot33,3,Blue,goal,Nexto,892,7.433333333333334,2,2,Rival,0,0,4,2,0,0,0,0,0,0,0,0
plus_180,34,side0-layout4-slot34,4,Blue,goal,Nexto,1128,9.4,1,7,Rival,0,0,4,2,0,1,0,0,0,0,0,0
plus_180,35,side0-layout0-slot35,0,Blue,goal,Nexto,1332,11.1,1,2,Rival,0,0,7,1,1,0,1,0,0,0,0,0
plus_180,36,side0-layout1-slot36,1,Blue,goal,Nexto,572,4.766666666666667,1,1,Rival,0,0,2,0,0,0,0,0,0,0,0,0
plus_180,37,side0-layout2-slot37,2,Blue,goal,Nexto,804,6.7,2,3,Rival,0,0,5,3,0,0,0,0,0,0,0,0
plus_180,38,side0-layout3-slot38,3,Blue,goal,Rival,932,7.766666666666667,3,2,Rival,0,1,4,2,0,0,0,0,0,0,0,0
plus_180,39,side0-layout4-slot39,4,Blue,goal,Nexto,1500,12.5,2,3,Rival,0,0,7,2,0,1,0,0,0,0,0,0
plus_180,40,side0-layout0-slot40,0,Blue,goal,Nexto,1064,8.866666666666667,1,2,Rival,0,0,4,0,0,0,0,0,0,0,0,0
plus_180,41,side0-layout1-slot41,1,Blue,goal,Nexto,1780,14.833333333333334,12,8,Rival,0,1,8,5,0,0,0,0,0,0,0,0
plus_180,42,side0-layout2-slot42,2,Blue,goal,Rival,636,5.3,2,2,Rival,0,0,3,2,0,0,0,0,0,0,0,0
plus_180,43,side0-layout3-slot43,3,Blue,goal,Nexto,1804,15.033333333333333,2,5,Rival,0,0,10,3,0,0,0,0,0,0,0,0
plus_180,44,side0-layout4-slot44,4,Blue,goal,Nexto,1924,16.033333333333335,2,4,Rival,0,0,5,3,1,0,0,0,0,0,0,0
plus_180,45,side0-layout0-slot45,0,Blue,goal,Nexto,1236,10.3,2,9,Rival,0,0,5,1,0,0,0,0,0,0,0,0
plus_180,46,side0-layout1-slot46,1,Blue,goal,Nexto,896,7.466666666666667,2,4,Rival,0,0,6,3,0,0,0,0,0,0,0,0
plus_180,47,side0-layout2-slot47,2,Blue,goal,Rival,704,5.866666666666666,5,2,Rival,0,0,3,3,0,0,0,0,0,0,0,0
plus_180,48,side0-layout3-slot48,3,Blue,goal,Nexto,1384,11.533333333333333,2,6,Rival,0,0,8,3,0,0,0,0,0,0,0,0
plus_180,49,side0-layout4-slot49,4,Blue,goal,Nexto,1860,15.5,2,5,Rival,0,0,9,4,1,0,1,0,0,0,0,0
plus_180,50,side0-layout0-slot50,0,Blue,goal,Nexto,1800,15.0,10,48,Rival,0,0,7,1,0,0,0,0,0,0,0,0
plus_180,51,side0-layout1-slot51,1,Blue,goal,Nexto,928,7.733333333333333,1,3,Rival,0,0,3,2,0,0,0,0,0,0,0,0
plus_180,52,side0-layout2-slot52,2,Blue,goal,Nexto,2616,21.8,0,11,Nexto,0,0,12,3,1,0,1,0,0,0,0,0
plus_180,53,side0-layout3-slot53,3,Blue,goal,Rival,800,6.666666666666667,3,1,Rival,0,0,3,2,1,0,0,0,0,0,0,0
plus_180,54,side0-layout4-slot54,4,Blue,goal,Nexto,1480,12.333333333333334,2,19,Rival,0,0,7,2,0,0,0,0,0,0,0,0
plus_180,55,side0-layout0-slot55,0,Blue,goal,Nexto,1820,15.166666666666666,4,7,Rival,0,0,7,3,0,0,0,0,0,0,0,0
plus_180,56,side0-layout1-slot56,1,Blue,goal,Nexto,792,6.6,1,2,Rival,0,0,2,2,0,0,0,0,0,0,0,0
plus_180,57,side0-layout2-slot57,2,Blue,goal,Nexto,1976,16.466666666666665,0,3,Nexto,0,0,9,1,0,0,0,0,0,0,0,0
plus_180,58,side0-layout3-slot58,3,Blue,goal,Nexto,2260,18.833333333333332,3,4,Rival,0,0,7,3,1,0,1,0,0,0,0,0
plus_180,59,side0-layout4-slot59,4,Blue,goal,Nexto,1480,12.333333333333334,2,6,Rival,0,0,4,1,0,1,0,0,0,0,0,0
plus_180,60,side0-layout0-slot60,0,Blue,goal,Nexto,1812,15.1,3,18,Rival,0,0,9,5,0,0,0,0,0,0,0,0
plus_180,61,side0-layout1-slot61,1,Blue,goal,Nexto,1996,16.633333333333333,4,2,Rival,0,0,9,4,0,1,0,0,0,0,0,0
plus_180,62,side0-layout2-slot62,2,Blue,goal,Nexto,1656,13.8,2,10,Nexto,1,0,7,4,0,0,0,0,0,0,0,0
plus_180,63,side0-layout3-slot63,3,Blue,goal,Nexto,1552,12.933333333333334,2,6,Rival,0,0,7,2,0,0,0,0,0,0,0,0
plus_180,64,side0-layout4-slot64,4,Blue,goal,Nexto,900,7.5,2,5,Rival,0,0,5,2,1,0,0,0,0,0,0,0
plus_180,65,side0-layout0-slot65,0,Blue,goal,Nexto,1580,13.166666666666666,1,5,Nexto,0,0,6,5,0,0,0,0,0,0,0,0
plus_180,66,side0-layout1-slot66,1,Blue,goal,Nexto,1264,10.533333333333333,1,1,Rival,0,0,7,2,0,0,0,0,0,0,0,0
plus_180,67,side0-layout2-slot67,2,Blue,goal,Nexto,1572,13.1,6,8,Rival,0,0,9,2,0,1,0,1,0,0,0,0
plus_180,68,side0-layout3-slot68,3,Blue,goal,Nexto,2260,18.833333333333332,3,5,Rival,0,0,9,5,0,1,0,1,0,0,0,0
plus_180,69,side0-layout4-slot69,4,Blue,goal,Nexto,1432,11.933333333333334,2,7,Rival,0,0,8,4,0,0,0,0,0,0,0,0
plus_180,70,side0-layout0-slot70,0,Blue,goal,Nexto,2512,20.933333333333334,1,12,Rival,0,0,13,7,0,0,0,0,0,0,0,0
plus_180,71,side0-layout1-slot71,1,Blue,goal,Nexto,1044,8.7,1,2,Rival,0,0,5,2,0,0,0,0,0,0,0,0
plus_180,72,side0-layout2-slot72,2,Blue,goal,Nexto,784,6.533333333333333,1,3,Nexto,0,0,3,2,0,0,0,0,0,0,0,0
plus_180,73,side0-layout3-slot73,3,Blue,goal,Nexto,780,6.5,2,3,Rival,0,0,3,2,0,0,0,0,0,0,0,0
plus_180,74,side0-layout4-slot74,4,Blue,goal,Nexto,1656,13.8,3,4,Rival,0,0,8,3,0,1,0,1,0,0,0,0
plus_180,75,side0-layout0-slot75,0,Blue,goal,Nexto,2000,16.666666666666668,4,24,Rival,0,0,11,2,0,0,0,0,0,0,0,0
plus_180,76,side0-layout1-slot76,1,Blue,goal,Nexto,1500,12.5,2,4,Rival,0,0,7,3,0,0,0,0,0,0,0,0
plus_180,77,side0-layout2-slot77,2,Blue,goal,Nexto,1272,10.6,0,2,Nexto,0,0,6,2,0,0,0,0,0,0,0,0
plus_180,78,side0-layout3-slot78,3,Blue,goal,Nexto,3204,26.7,8,5,Rival,0,0,15,4,0,0,0,0,0,0,0,0
plus_180,79,side0-layout4-slot79,4,Blue,goal,Nexto,1952,16.266666666666666,3,5,Rival,0,1,7,5,1,0,0,0,0,0,0,0
plus_180,80,side0-layout0-slot80,0,Blue,goal,Nexto,1160,9.666666666666666,1,3,Rival,0,0,7,2,1,1,1,1,0,0,0,0
plus_180,81,side0-layout1-slot81,1,Blue,goal,Nexto,1792,14.933333333333334,2,3,Rival,0,1,9,4,0,0,0,0,0,0,0,0
plus_180,82,side0-layout2-slot82,2,Blue,goal,Nexto,1228,10.233333333333333,1,4,Nexto,1,0,6,1,0,0,0,0,0,0,0,0
plus_180,83,side0-layout3-slot83,3,Blue,goal,Nexto,1072,8.933333333333334,4,10,Rival,0,0,6,3,0,0,0,0,0,0,0,0
plus_180,84,side0-layout4-slot84,4,Blue,goal,Nexto,1604,13.366666666666667,2,5,Rival,0,0,8,3,1,1,1,0,0,0,0,0
plus_180,85,side0-layout0-slot85,0,Blue,goal,Nexto,3588,29.9,3,20,Rival,0,0,13,8,1,0,1,0,0,0,0,0
plus_180,86,side0-layout1-slot86,1,Blue,goal,Nexto,1464,12.2,1,5,Rival,0,0,7,2,0,0,0,0,0,0,0,0
plus_180,87,side0-layout2-slot87,2,Blue,goal,Nexto,1224,10.2,3,4,Rival,0,1,6,2,0,0,0,0,0,0,0,0
plus_180,88,side0-layout3-slot88,3,Blue,goal,Nexto,1760,14.666666666666666,6,3,Rival,0,0,9,1,0,0,0,0,0,0,0,0
plus_180,89,side0-layout4-slot89,4,Blue,goal,Nexto,1108,9.233333333333333,2,4,Rival,0,0,6,1,0,0,0,0,0,0,0,0
plus_180,90,side0-layout0-slot90,0,Blue,goal,Nexto,1988,16.566666666666666,1,4,Rival,0,0,8,4,0,0,0,0,0,0,0,0
plus_180,91,side0-layout1-slot91,1,Blue,goal,Nexto,2480,20.666666666666668,6,20,Rival,0,0,10,2,1,0,1,0,0,0,0,0
plus_180,92,side0-layout2-slot92,2,Blue,goal,Nexto,1288,10.733333333333333,2,15,Nexto,1,0,6,2,0,0,0,0,0,0,0,0
plus_180,93,side0-layout3-slot93,3,Blue,goal,Nexto,2336,19.466666666666665,4,28,Rival,0,0,10,3,0,0,0,0,0,0,0,0
plus_180,94,side0-layout4-slot94,4,Blue,goal,Nexto,996,8.3,2,5,Rival,0,0,5,3,0,0,0,0,0,0,0,0
plus_180,95,side0-layout0-slot95,0,Blue,goal,Nexto,2144,17.866666666666667,4,9,Rival,0,0,8,3,1,0,1,0,0,0,0,0
plus_180,96,side0-layout1-slot96,1,Blue,goal,Nexto,2464,20.533333333333335,3,34,Rival,0,0,9,2,0,1,0,1,0,0,0,0
plus_180,97,side0-layout2-slot97,2,Blue,goal,Nexto,1084,9.033333333333333,1,2,Nexto,1,0,6,2,0,0,0,0,0,0,0,0
plus_180,98,side0-layout3-slot98,3,Blue,goal,Nexto,2072,17.266666666666666,3,12,Rival,0,0,9,4,0,0,0,0,0,0,0,0
plus_180,99,side0-layout4-slot99,4,Blue,goal,Nexto,1564,13.033333333333333,3,10,Rival,0,0,8,3,1,0,0,0,0,0,0,0
plus_180,100,side0-layout0-slot100,0,Blue,goal,Nexto,3688,30.733333333333334,10,8,Rival,0,0,17,7,2,0,2,0,0,0,0,0
plus_180,101,side0-layout1-slot101,1,Blue,goal,Rival,908,7.566666666666666,8,2,Rival,0,0,4,2,0,0,0,0,0,0,0,0
plus_180,102,side0-layout2-slot102,2,Blue,goal,Nexto,2444,20.366666666666667,3,18,Rival,0,0,10,4,0,0,0,0,0,0,0,0
plus_180,103,side0-layout3-slot103,3,Blue,goal,Nexto,2712,22.6,6,7,Rival,0,0,8,5,0,1,0,0,0,0,0,0
plus_180,104,side0-layout4-slot104,4,Blue,goal,Nexto,1496,12.466666666666667,2,7,Rival,0,0,9,3,0,0,0,0,0,0,0,0
plus_180,105,side0-layout0-slot105,0,Blue,goal,Nexto,3284,27.366666666666667,3,13,Rival,0,0,15,4,0,0,0,0,0,0,0,0
plus_180,106,side0-layout1-slot106,1,Blue,goal,Nexto,1836,15.3,5,11,Rival,0,0,8,3,0,0,0,0,0,0,0,0
plus_180,107,side0-layout2-slot107,2,Blue,goal,Nexto,1308,10.9,4,7,Rival,0,1,7,2,0,0,0,0,0,0,0,0
plus_180,108,side0-layout3-slot108,3,Blue,goal,Nexto,1984,16.533333333333335,5,29,Rival,0,0,10,4,0,1,0,1,0,0,0,0
plus_180,109,side0-layout4-slot109,4,Blue,goal,Nexto,1512,12.6,2,3,Rival,0,0,6,2,1,0,0,0,0,0,0,0
plus_180,110,side0-layout0-slot110,0,Blue,goal,Nexto,1860,15.5,3,30,Rival,0,0,8,1,0,0,0,0,0,0,0,0
plus_180,111,side0-layout1-slot111,1,Blue,goal,Nexto,2340,19.5,4,7,Rival,0,1,11,5,0,0,0,0,0,0,0,0
plus_180,112,side0-layout2-slot112,2,Blue,goal,Nexto,2004,16.7,4,9,Rival,0,0,8,3,1,0,1,0,0,0,0,0
plus_180,113,side0-layout3-slot113,3,Blue,goal,Nexto,1852,15.433333333333334,4,5,Rival,0,0,10,3,0,0,0,0,0,0,0,0
plus_180,114,side0-layout4-slot114,4,Blue,goal,Nexto,1736,14.466666666666667,5,7,Rival,0,0,9,1,0,0,0,0,0,0,0,0
plus_180,115,side0-layout0-slot115,0,Blue,goal,Nexto,2100,17.5,3,32,Rival,0,0,9,4,0,0,0,0,0,0,0,0
plus_180,116,side0-layout1-slot116,1,Blue,goal,Rival,540,4.5,2,1,Rival,0,0,2,2,0,0,0,0,0,0,0,0
plus_180,117,side0-layout2-slot117,2,Blue,goal,Nexto,1064,8.866666666666667,2,5,Rival,0,0,7,2,0,0,0,0,0,0,0,0
plus_180,118,side0-layout3-slot118,3,Blue,goal,Nexto,1068,8.9,2,5,Rival,1,1,7,2,0,0,0,0,0,0,0,0
plus_180,119,side0-layout4-slot119,4,Blue,goal,Nexto,2644,22.033333333333335,4,11,Rival,0,0,14,5,0,0,0,0,0,0,0,0
plus_180,120,side0-layout0-slot120,0,Blue,goal,Nexto,1828,15.233333333333333,3,21,Rival,0,0,7,2,0,0,0,0,0,0,0,0
plus_180,121,side0-layout1-slot121,1,Blue,goal,Nexto,1344,11.2,1,9,Rival,0,0,6,3,0,0,0,0,0,0,0,0
plus_180,122,side0-layout2-slot122,2,Blue,goal,Nexto,1260,10.5,1,4,Nexto,1,0,8,2,0,0,0,0,0,0,0,0
plus_180,123,side0-layout3-slot123,3,Blue,goal,Nexto,1644,13.7,4,7,Rival,0,0,7,2,0,0,0,0,0,0,0,0
plus_180,124,side0-layout4-slot124,4,Blue,goal,Nexto,1988,16.566666666666666,2,40,Rival,0,0,9,3,1,0,0,0,0,0,0,0
plus_180,125,side0-layout0-slot125,0,Blue,goal,Nexto,1736,14.466666666666667,2,5,Rival,0,0,7,3,0,0,0,0,0,0,0,0
plus_180,126,side0-layout1-slot126,1,Blue,goal,Nexto,1368,11.4,1,6,Rival,0,0,6,2,0,0,0,0,0,0,0,0
plus_180,127,side0-layout2-slot127,2,Blue,goal,Rival,632,5.266666666666667,3,1,Rival,0,0,2,2,0,1,0,1,0,0,0,0
plus_180,128,side0-layout3-slot128,3,Blue,goal,Nexto,1544,12.866666666666667,3,5,Rival,0,0,5,4,0,0,0,0,0,0,0,0
plus_180,129,side0-layout4-slot129,4,Blue,goal,Nexto,2148,17.9,3,9,Rival,0,0,11,5,0,0,0,0,0,0,0,0
plus_180,130,side0-layout0-slot130,0,Blue,goal,Nexto,1648,13.733333333333333,2,9,Rival,0,0,7,2,0,0,0,0,0,0,0,0
plus_180,131,side0-layout1-slot131,1,Blue,goal,Rival,512,4.266666666666667,2,1,Rival,0,0,2,1,0,0,0,0,0,0,0,0
plus_180,132,side0-layout2-slot132,2,Blue,goal,Nexto,740,6.166666666666667,1,3,Nexto,1,0,3,2,0,0,0,0,0,0,0,0
plus_180,133,side0-layout3-slot133,3,Blue,goal,Nexto,1220,10.166666666666666,3,5,Rival,0,1,6,2,0,0,0,0,0,0,0,0
plus_180,134,side0-layout4-slot134,4,Blue,goal,Nexto,928,7.733333333333333,1,3,Rival,0,0,3,1,0,1,0,0,0,0,0,0
plus_180,135,side0-layout0-slot135,0,Blue,goal,Nexto,2268,18.9,3,12,Rival,0,0,11,5,0,0,0,0,0,0,0,0
plus_180,136,side0-layout1-slot136,1,Blue,goal,Nexto,1348,11.233333333333333,3,6,Rival,0,0,6,2,0,0,0,0,0,0,0,0
plus_180,137,side0-layout2-slot137,2,Blue,goal,Nexto,912,7.6,1,3,Nexto,1,0,5,2,0,0,0,0,0,0,0,0
plus_180,138,side0-layout3-slot138,3,Blue,goal,Nexto,1468,12.233333333333333,3,15,Rival,0,0,7,2,0,0,0,0,0,0,0,0
plus_180,139,side0-layout4-slot139,4,Blue,goal,Nexto,1288,10.733333333333333,2,4,Rival,0,0,5,3,0,0,0,0,0,0,0,0
plus_180,140,side0-layout0-slot140,0,Blue,goal,Nexto,1248,10.4,1,3,Rival,0,0,7,3,1,0,0,0,0,0,0,0
plus_180,141,side0-layout1-slot141,1,Blue,goal,Nexto,3796,31.633333333333333,4,12,Rival,0,0,15,6,1,1,0,1,0,0,0,0
plus_180,142,side0-layout2-slot142,2,Blue,goal,Nexto,2492,20.766666666666666,0,6,Nexto,0,0,10,4,0,0,0,0,0,0,0,0
plus_180,143,side0-layout3-slot143,3,Blue,goal,Nexto,856,7.133333333333334,2,5,Rival,0,0,4,3,0,0,0,0,0,0,0,0
plus_180,144,side0-layout4-slot144,4,Blue,goal,Nexto,1944,16.2,3,28,Rival,0,0,7,4,1,0,0,0,0,0,0,0
plus_180,145,side0-layout0-slot145,0,Blue,goal,Nexto,1568,13.066666666666666,2,6,Rival,0,0,8,4,0,0,0,0,0,0,0,0
plus_180,146,side0-layout1-slot146,1,Blue,goal,Rival,520,4.333333333333333,1,0,Rival,0,0,2,1,0,0,0,0,0,0,0,0
plus_180,147,side0-layout2-slot147,2,Blue,goal,Nexto,708,5.9,0,2,Nexto,0,0,3,1,0,0,0,0,0,0,0,0
plus_180,148,side0-layout3-slot148,3,Blue,goal,Nexto,1284,10.7,2,4,Rival,0,0,5,2,0,0,0,0,0,0,0,0
plus_180,149,side0-layout4-slot149,4,Blue,goal,Nexto,1936,16.133333333333333,3,5,Rival,0,0,9,6,1,1,1,0,0,0,0,0
plus_180,150,side0-layout0-slot150,0,Blue,goal,Nexto,1332,11.1,1,2,Rival,0,1,6,2,1,0,1,0,0,0,0,0
plus_180,151,side0-layout1-slot151,1,Blue,goal,Nexto,1372,11.433333333333334,1,3,Rival,0,0,6,1,0,0,0,0,0,0,0,0
plus_180,152,side0-layout2-slot152,2,Blue,goal,Nexto,956,7.966666666666667,1,5,Nexto,1,0,4,2,0,0,0,0,0,0,0,0
plus_180,153,side0-layout3-slot153,3,Blue,goal,Nexto,1424,11.866666666666667,2,7,Rival,0,0,6,3,0,0,0,0,0,0,0,0
plus_180,154,side0-layout4-slot154,4,Blue,goal,Nexto,1944,16.2,2,14,Rival,0,0,10,4,0,0,0,0,0,0,0,0
plus_180,155,side0-layout0-slot155,0,Blue,goal,Nexto,2092,17.433333333333334,2,23,Rival,0,0,11,3,0,0,0,0,0,0,0,0
plus_180,156,side0-layout1-slot156,1,Blue,goal,Nexto,1348,11.233333333333333,1,4,Rival,0,0,7,2,0,0,0,0,0,0,0,0
plus_180,157,side0-layout2-slot157,2,Blue,goal,Nexto,3728,31.066666666666666,9,9,Rival,3,0,17,6,1,0,1,0,0,0,0,0
plus_180,158,side0-layout3-slot158,3,Blue,goal,Nexto,2196,18.3,2,7,Rival,0,0,8,4,0,0,0,0,0,0,0,0
plus_180,159,side0-layout4-slot159,4,Blue,goal,Nexto,1672,13.933333333333334,3,5,Rival,0,1,6,4,0,0,0,0,0,0,0,0
plus_180,160,side0-layout0-slot160,0,Blue,goal,Nexto,1988,16.566666666666666,3,16,Rival,0,1,8,4,0,0,0,0,0,0,0,0
plus_180,161,side0-layout1-slot161,1,Blue,goal,Nexto,944,7.866666666666666,1,2,Rival,0,0,5,2,0,0,0,0,0,0,0,0
plus_180,162,side0-layout2-slot162,2,Blue,goal,Nexto,1984,16.533333333333335,4,3,Rival,0,0,5,3,1,0,1,0,0,0,0,0
plus_180,163,side0-layout3-slot163,3,Blue,goal,Nexto,2104,17.533333333333335,2,5,Rival,0,0,9,3,0,0,0,0,0,0,0,0
plus_180,164,side0-layout4-slot164,4,Blue,goal,Nexto,2480,20.666666666666668,5,22,Rival,0,0,7,4,2,0,2,0,0,0,0,0
plus_180,165,side0-layout0-slot165,0,Blue,goal,Nexto,1964,16.366666666666667,4,32,Rival,0,0,6,3,0,0,0,0,0,0,0,0
plus_180,166,side0-layout1-slot166,1,Blue,goal,Nexto,3752,31.266666666666666,5,27,Rival,0,0,15,7,1,0,1,0,0,0,0,0
plus_180,167,side0-layout2-slot167,2,Blue,goal,Nexto,532,4.433333333333334,0,1,Nexto,0,0,2,0,0,0,0,0,0,0,0,0
plus_180,168,side0-layout3-slot168,3,Blue,goal,Nexto,1548,12.9,3,4,Rival,0,0,8,3,1,0,1,0,0,0,0,0
plus_180,169,side0-layout4-slot169,4,Blue,goal,Nexto,2176,18.133333333333333,2,23,Rival,0,0,8,3,0,0,0,0,0,0,0,0
plus_180,170,side0-layout0-slot170,0,Blue,goal,Nexto,1556,12.966666666666667,1,2,Rival,0,0,7,2,0,0,0,0,0,0,0,0
plus_180,171,side0-layout1-slot171,1,Blue,goal,Nexto,1372,11.433333333333334,2,4,Rival,0,0,5,3,0,0,0,0,0,0,0,0
plus_180,172,side0-layout2-slot172,2,Blue,goal,Nexto,1668,13.9,2,37,Rival,0,0,4,3,0,0,0,0,0,0,0,0
plus_180,173,side0-layout3-slot173,3,Blue,hard_time,None,5400,45.0,9,21,Rival,0,0,26,7,1,0,0,0,0,0,0,0
plus_180,174,side0-layout4-slot174,4,Blue,goal,Nexto,3508,29.233333333333334,3,22,Rival,0,0,14,7,1,1,1,0,0,0,0,0
plus_180,175,side0-layout0-slot175,0,Blue,goal,Nexto,2196,18.3,3,8,Rival,0,0,10,4,0,0,0,0,0,0,0,0
plus_180,176,side0-layout1-slot176,1,Blue,goal,Nexto,1236,10.3,2,5,Rival,0,0,5,1,0,0,0,0,0,0,0,0
plus_180,177,side0-layout2-slot177,2,Blue,goal,Nexto,1472,12.266666666666667,2,10,Rival,0,1,6,3,0,0,0,0,0,0,0,0
plus_180,178,side0-layout3-slot178,3,Blue,goal,Rival,644,5.366666666666666,2,1,Rival,0,0,2,1,0,1,0,1,0,0,0,0
plus_180,179,side0-layout4-slot179,4,Blue,goal,Nexto,3360,28.0,3,8,Rival,0,0,15,5,0,0,0,0,0,0,0,0
plus_180,180,side0-layout0-slot180,0,Blue,goal,Nexto,1564,13.033333333333333,3,5,Rival,0,0,8,4,1,0,1,0,0,0,0,0
plus_180,181,side0-layout1-slot181,1,Blue,goal,Nexto,1012,8.433333333333334,1,5,Rival,0,0,5,2,1,0,1,0,0,0,0,0
plus_180,182,side0-layout2-slot182,2,Blue,goal,Nexto,1240,10.333333333333334,0,3,Nexto,0,0,5,2,1,0,1,0,0,0,0,0
plus_180,183,side0-layout3-slot183,3,Blue,goal,Nexto,1748,14.566666666666666,3,3,Rival,0,0,10,3,0,0,0,0,0,0,0,0
plus_180,184,side0-layout4-slot184,4,Blue,goal,Nexto,1008,8.4,2,3,Rival,0,0,5,2,0,0,0,0,0,0,0,0
plus_180,185,side0-layout0-slot185,0,Blue,goal,Nexto,984,8.2,1,2,Rival,0,0,4,2,0,0,0,0,0,0,0,0
plus_180,186,side0-layout1-slot186,1,Blue,goal,Nexto,1060,8.833333333333334,2,2,Rival,0,0,7,3,0,0,0,0,0,0,0,0
plus_180,187,side0-layout2-slot187,2,Blue,goal,Nexto,2600,21.666666666666668,4,10,Rival,0,0,10,7,1,1,1,1,0,0,0,0
plus_180,188,side0-layout3-slot188,3,Blue,goal,Nexto,1084,9.033333333333333,2,2,Rival,0,0,5,2,0,0,0,0,0,0,0,0
plus_180,189,side0-layout4-slot189,4,Blue,goal,Nexto,1716,14.3,2,11,Rival,0,0,8,4,0,0,0,0,0,0,0,0
plus_180,190,side0-layout0-slot190,0,Blue,goal,Nexto,1968,16.4,2,4,Rival,0,0,12,4,0,0,0,0,0,0,0,0
plus_180,191,side0-layout1-slot191,1,Blue,goal,Rival,516,4.3,2,1,Rival,0,0,2,2,0,1,0,1,0,0,0,0
plus_180,192,side0-layout2-slot192,2,Blue,goal,Nexto,1756,14.633333333333333,3,31,Rival,0,0,5,3,0,0,0,0,0,0,0,0
plus_180,193,side0-layout3-slot193,3,Blue,goal,Nexto,1176,9.8,2,4,Rival,0,0,6,2,0,0,0,0,0,0,0,0
plus_180,194,side0-layout4-slot194,4,Blue,goal,Nexto,1400,11.666666666666666,2,3,Rival,0,0,6,2,0,0,0,0,0,0,0,0
plus_180,195,side0-layout0-slot195,0,Blue,goal,Nexto,1568,13.066666666666666,4,9,Rival,0,0,9,3,0,0,0,0,0,0,0,0
plus_180,196,side0-layout1-slot196,1,Blue,goal,Nexto,1788,14.9,5,4,Rival,0,0,10,1,0,0,0,0,0,0,0,0
plus_180,197,side0-layout2-slot197,2,Blue,goal,Nexto,1996,16.633333333333333,2,5,Nexto,0,0,9,3,0,0,0,0,0,0,0,0
plus_180,198,side0-layout3-slot198,3,Blue,goal,Nexto,1152,9.6,2,12,Rival,0,0,5,2,0,0,0,0,0,0,0,0
plus_180,199,side0-layout4-slot199,4,Blue,goal,Nexto,1260,10.5,2,6,Rival,0,0,6,2,1,0,0,0,0,0,0,0
plus_180,200,side0-layout0-slot200,0,Blue,goal,Nexto,1640,13.666666666666666,2,25,Rival,0,0,9,2,0,0,0,0,0,0,0,0
plus_180,201,side0-layout1-slot201,1,Blue,goal,Nexto,1544,12.866666666666667,3,4,Rival,0,0,9,4,0,0,0,0,0,0,0,0
plus_180,202,side0-layout2-slot202,2,Blue,goal,Nexto,1788,14.9,2,38,Nexto,1,0,9,3,0,0,0,0,0,0,0,0
plus_180,203,side0-layout3-slot203,3,Blue,goal,Nexto,2240,18.666666666666668,1,14,Nexto,0,0,8,4,0,0,0,0,0,0,0,0
plus_180,204,side0-layout4-slot204,4,Blue,goal,Nexto,1964,16.366666666666667,2,6,Rival,0,0,8,5,0,0,0,0,0,0,0,0
plus_180,205,side0-layout0-slot205,0,Blue,goal,Nexto,3916,32.63333333333333,5,13,Rival,1,0,16,10,0,0,0,0,0,0,0,0
plus_180,206,side0-layout1-slot206,1,Blue,goal,Nexto,1580,13.166666666666666,2,3,Rival,0,0,8,2,2,0,1,0,0,0,2,0
plus_180,207,side0-layout2-slot207,2,Blue,goal,Rival,904,7.533333333333333,2,1,Rival,0,0,3,2,0,0,0,0,0,0,0,0
plus_180,208,side0-layout3-slot208,3,Blue,goal,Nexto,1668,13.9,2,5,Rival,0,0,10,3,0,0,0,0,0,0,0,0
plus_180,209,side0-layout4-slot209,4,Blue,goal,Nexto,1200,10.0,2,6,Rival,0,0,5,3,0,0,0,0,0,0,0,0
plus_180,210,side0-layout0-slot210,0,Blue,goal,Nexto,2980,24.833333333333332,2,35,Rival,1,0,15,4,2,0,2,0,0,0,0,0
plus_180,211,side0-layout1-slot211,1,Blue,goal,Rival,1184,9.866666666666667,2,0,Rival,0,0,6,1,0,0,0,0,0,0,0,0
plus_180,212,side0-layout2-slot212,2,Blue,goal,Nexto,1068,8.9,2,9,Nexto,1,0,7,2,0,0,0,0,0,0,0,0
plus_180,213,side0-layout3-slot213,3,Blue,goal,Nexto,1412,11.766666666666667,4,5,Rival,1,0,8,4,0,0,0,0,0,0,0,0
plus_180,214,side0-layout4-slot214,4,Blue,goal,Nexto,3492,29.1,5,10,Rival,0,0,16,7,1,0,0,0,0,0,0,0
plus_180,215,side0-layout0-slot215,0,Blue,goal,Nexto,1772,14.766666666666667,4,38,Rival,0,0,8,3,0,0,0,0,0,0,0,0
plus_180,216,side0-layout1-slot216,1,Blue,goal,Nexto,1292,10.766666666666667,2,7,Rival,0,0,6,2,0,0,0,0,0,0,0,0
plus_180,217,side0-layout2-slot217,2,Blue,goal,Nexto,1028,8.566666666666666,2,4,Rival,0,0,7,3,0,0,0,0,0,0,0,0
plus_180,218,side0-layout3-slot218,3,Blue,goal,Nexto,1044,8.7,2,3,Rival,0,0,5,2,0,0,0,0,0,0,0,0
plus_180,219,side0-layout4-slot219,4,Blue,goal,Rival,868,7.233333333333333,3,1,Rival,1,0,4,2,0,0,0,0,0,0,0,0
plus_180,220,side0-layout0-slot220,0,Blue,goal,Nexto,2192,18.266666666666666,3,10,Rival,0,0,11,4,0,0,0,0,0,0,0,0
plus_180,221,side0-layout1-slot221,1,Blue,goal,Nexto,948,7.9,2,3,Rival,0,0,3,1,0,0,0,0,0,0,0,0
plus_180,222,side0-layout2-slot222,2,Blue,goal,Nexto,2908,24.233333333333334,4,5,Rival,0,2,11,5,0,0,0,0,0,0,0,0
plus_180,223,side0-layout3-slot223,3,Blue,goal,Nexto,1616,13.466666666666667,3,6,Rival,0,0,6,4,0,0,0,0,0,0,0,0
plus_180,224,side0-layout4-slot224,4,Blue,goal,Nexto,2100,17.5,3,9,Rival,1,0,9,3,1,0,0,0,0,0,0,0
plus_180,225,side0-layout0-slot225,0,Blue,goal,Nexto,1936,16.133333333333333,1,3,Rival,0,0,10,5,0,0,0,0,0,0,0,0
plus_180,226,side0-layout1-slot226,1,Blue,goal,Nexto,1332,11.1,2,4,Rival,0,0,6,2,0,0,0,0,0,0,0,0
plus_180,227,side0-layout2-slot227,2,Blue,goal,Nexto,1928,16.066666666666666,2,13,Rival,0,0,9,4,0,0,0,0,0,0,0,0
plus_180,228,side0-layout3-slot228,3,Blue,goal,Nexto,1352,11.266666666666667,2,11,Rival,0,0,9,2,0,0,0,0,0,0,0,0
plus_180,229,side0-layout4-slot229,4,Blue,goal,Nexto,1316,10.966666666666667,4,5,Rival,0,0,7,4,0,0,0,0,0,0,0,0
plus_180,230,side0-layout0-slot230,0,Blue,goal,Nexto,2056,17.133333333333333,4,8,Rival,0,0,8,5,0,0,0,0,0,0,0,0
plus_180,231,side0-layout1-slot231,1,Blue,goal,Nexto,1152,9.6,1,2,Rival,0,0,6,1,0,0,0,0,0,0,0,0
plus_180,232,side0-layout2-slot232,2,Blue,goal,Nexto,1196,9.966666666666667,1,3,Nexto,0,0,5,2,0,0,0,0,0,0,0,0
plus_180,233,side0-layout3-slot233,3,Blue,goal,Rival,4252,35.43333333333333,8,13,Rival,0,0,18,9,0,0,0,0,0,0,0,0
plus_180,234,side0-layout4-slot234,4,Blue,goal,Nexto,948,7.9,2,3,Rival,0,0,4,2,1,0,0,0,0,0,0,0
plus_180,235,side0-layout0-slot235,0,Blue,goal,Nexto,2172,18.1,1,6,Rival,0,1,8,4,0,0,0,0,0,0,0,0
plus_180,236,side0-layout1-slot236,1,Blue,goal,Nexto,2248,18.733333333333334,3,3,Rival,0,0,9,3,0,0,0,0,0,0,0,0
plus_180,237,side0-layout2-slot237,2,Blue,goal,Nexto,1284,10.7,3,6,Rival,0,0,7,3,0,0,0,0,0,0,0,0
plus_180,238,side0-layout3-slot238,3,Blue,goal,Nexto,1516,12.633333333333333,4,16,Rival,0,0,8,3,0,0,0,0,0,0,0,0
plus_180,239,side0-layout4-slot239,4,Blue,goal,Rival,1936,16.133333333333333,4,5,Rival,0,0,8,6,0,0,0,0,0,0,0,0
plus_180,240,side0-layout0-slot240,0,Blue,goal,Nexto,1912,15.933333333333334,4,8,Rival,0,0,9,4,0,0,0,0,0,0,0,0
plus_180,241,side0-layout1-slot241,1,Blue,goal,Nexto,2128,17.733333333333334,1,7,Rival,0,0,11,3,1,0,0,0,0,0,0,0
plus_180,242,side0-layout2-slot242,2,Blue,goal,Rival,740,6.166666666666667,2,2,Rival,0,0,3,2,0,0,0,0,0,0,0,0
plus_180,243,side0-layout3-slot243,3,Blue,goal,Nexto,2232,18.6,3,8,Rival,0,0,8,5,0,1,0,1,0,0,0,0
plus_180,244,side0-layout4-slot244,4,Blue,goal,Nexto,1300,10.833333333333334,2,3,Rival,0,0,6,2,0,0,0,0,0,0,0,0
plus_180,245,side0-layout0-slot245,0,Blue,goal,Nexto,2276,18.966666666666665,5,5,Rival,0,0,11,7,0,0,0,0,0,0,0,0
plus_180,246,side0-layout1-slot246,1,Blue,goal,Nexto,1376,11.466666666666667,1,3,Rival,0,0,5,4,0,0,0,0,0,0,0,0
plus_180,247,side0-layout2-slot247,2,Blue,goal,Rival,708,5.9,3,2,Rival,0,0,2,2,0,0,0,0,0,0,0,0
plus_180,248,side0-layout3-slot248,3,Blue,goal,Nexto,1036,8.633333333333333,3,4,Rival,0,0,7,2,0,0,0,0,0,0,0,0
plus_180,249,side0-layout4-slot249,4,Blue,goal,Nexto,988,8.233333333333333,2,4,Rival,0,0,4,2,0,0,0,0,0,0,0,0
plus_180,250,side0-layout0-slot250,0,Blue,goal,Nexto,1512,12.6,3,2,Rival,0,0,7,3,0,0,0,0,0,0,0,0
plus_180,251,side0-layout1-slot251,1,Blue,goal,Nexto,1232,10.266666666666667,2,8,Rival,0,0,7,2,1,0,0,0,0,0,0,0
plus_180,252,side0-layout2-slot252,2,Blue,goal,Nexto,1368,11.4,1,5,Rival,0,0,7,2,0,0,0,0,0,0,0,0
plus_180,253,side0-layout3-slot253,3,Blue,goal,Nexto,1360,11.333333333333334,3,3,Rival,0,0,5,2,0,0,0,0,0,0,0,0
plus_180,254,side0-layout4-slot254,4,Blue,goal,Nexto,1992,16.6,2,4,Rival,0,0,8,4,0,0,0,0,0,0,0,0
plus_180,255,side0-layout0-slot255,0,Blue,goal,Nexto,1592,13.266666666666667,2,15,Rival,0,0,5,3,0,1,0,1,0,0,0,0
plus_180,256,side1-layout0-slot0,0,Orange,goal,Nexto,1820,15.166666666666666,3,4,Rival,0,0,8,4,0,0,0,0,0,0,0,0
plus_180,257,side1-layout1-slot1,1,Orange,goal,Nexto,1424,11.866666666666667,2,3,Rival,0,0,7,2,1,0,1,0,0,0,0,0
plus_180,258,side1-layout2-slot2,2,Orange,goal,Nexto,2828,23.566666666666666,3,11,Rival,0,0,8,7,0,0,0,0,0,0,0,0
plus_180,259,side1-layout3-slot3,3,Orange,goal,Nexto,1548,12.9,3,11,Rival,0,0,6,3,0,0,0,0,0,0,0,0
plus_180,260,side1-layout4-slot4,4,Orange,goal,Nexto,1312,10.933333333333334,2,10,Rival,0,0,7,2,0,0,0,0,0,0,0,0
plus_180,261,side1-layout0-slot5,0,Orange,goal,Nexto,1656,13.8,3,5,Rival,0,0,6,4,0,0,0,0,0,0,0,0
plus_180,262,side1-layout1-slot6,1,Orange,goal,Rival,532,4.433333333333334,1,0,Rival,0,0,2,1,0,0,0,0,0,0,0,0
plus_180,263,side1-layout2-slot7,2,Orange,goal,Nexto,1448,12.066666666666666,5,30,Rival,0,2,9,2,0,0,0,0,0,0,0,0
plus_180,264,side1-layout3-slot8,3,Orange,goal,Nexto,1232,10.266666666666667,2,4,Rival,0,0,7,2,1,0,1,0,0,0,0,0
plus_180,265,side1-layout4-slot9,4,Orange,goal,Nexto,996,8.3,3,2,Rival,0,0,5,2,0,1,0,0,0,0,0,0
plus_180,266,side1-layout0-slot10,0,Orange,goal,Nexto,2316,19.3,3,7,Rival,0,0,13,3,2,0,2,0,0,0,2,0
plus_180,267,side1-layout1-slot11,1,Orange,goal,Nexto,2160,18.0,4,5,Rival,0,0,9,4,0,0,0,0,0,0,0,0
plus_180,268,side1-layout2-slot12,2,Orange,goal,Nexto,2452,20.433333333333334,2,12,Rival,0,0,11,6,0,0,0,0,0,0,0,0
plus_180,269,side1-layout3-slot13,3,Orange,goal,Nexto,1172,9.766666666666667,2,16,Rival,0,0,6,2,0,0,0,0,0,0,0,0
plus_180,270,side1-layout4-slot14,4,Orange,goal,Nexto,2316,19.3,3,9,Rival,0,0,10,5,0,0,0,0,0,0,0,0
plus_180,271,side1-layout0-slot15,0,Orange,goal,Nexto,1192,9.933333333333334,2,4,Rival,0,0,5,3,0,0,0,0,0,0,0,0
plus_180,272,side1-layout1-slot16,1,Orange,goal,Nexto,844,7.033333333333333,1,2,Rival,0,0,3,2,0,0,0,0,0,0,0,0
plus_180,273,side1-layout2-slot17,2,Orange,goal,Nexto,1964,16.366666666666667,2,10,Rival,0,0,10,3,0,0,0,0,0,0,0,0
plus_180,274,side1-layout3-slot18,3,Orange,goal,Nexto,1740,14.5,2,4,Nexto,0,0,6,4,0,0,0,0,0,0,0,0
plus_180,275,side1-layout4-slot19,4,Orange,goal,Nexto,1936,16.133333333333333,2,5,Rival,0,0,9,4,0,0,0,0,0,0,0,0
plus_180,276,side1-layout0-slot20,0,Orange,goal,Nexto,2488,20.733333333333334,1,15,Rival,0,0,9,4,1,0,0,0,0,0,0,0
plus_180,277,side1-layout1-slot21,1,Orange,goal,Nexto,880,7.333333333333333,1,2,Rival,0,0,3,2,0,0,0,0,0,0,0,0
plus_180,278,side1-layout2-slot22,2,Orange,goal,Nexto,1404,11.7,2,4,Rival,0,1,9,2,1,1,0,0,0,0,0,0
plus_180,279,side1-layout3-slot23,3,Orange,goal,Nexto,1476,12.3,2,5,Rival,0,0,10,3,2,0,2,0,1,0,2,0
plus_180,280,side1-layout4-slot24,4,Orange,goal,Nexto,2252,18.766666666666666,3,28,Rival,0,0,5,3,0,0,0,0,0,0,0,0
plus_180,281,side1-layout0-slot25,0,Orange,goal,Nexto,2392,19.933333333333334,2,7,Nexto,1,0,13,3,0,0,0,0,0,0,0,0
plus_180,282,side1-layout1-slot26,1,Orange,goal,Nexto,1036,8.633333333333333,2,3,Rival,0,0,6,1,0,0,0,0,0,0,0,0
plus_180,283,side1-layout2-slot27,2,Orange,goal,Nexto,1520,12.666666666666666,3,4,Rival,0,1,4,5,0,0,0,0,0,0,0,0
plus_180,284,side1-layout3-slot28,3,Orange,goal,Rival,836,6.966666666666667,4,3,Rival,0,0,3,3,0,0,0,0,0,0,0,0
plus_180,285,side1-layout4-slot29,4,Orange,goal,Nexto,3164,26.366666666666667,2,9,Rival,0,0,12,8,0,0,0,0,0,0,0,0
plus_180,286,side1-layout0-slot30,0,Orange,goal,Nexto,3736,31.133333333333333,2,13,Rival,0,0,15,7,0,1,0,1,0,0,0,0
plus_180,287,side1-layout1-slot31,1,Orange,goal,Nexto,1060,8.833333333333334,2,14,Rival,0,0,4,1,0,0,0,0,0,0,0,0
plus_180,288,side1-layout2-slot32,2,Orange,goal,Nexto,892,7.433333333333334,1,3,Rival,0,0,3,3,0,0,0,0,0,0,0,0
plus_180,289,side1-layout3-slot33,3,Orange,goal,Nexto,1556,12.966666666666667,4,6,Rival,1,1,8,2,0,0,0,0,0,0,0,0
plus_180,290,side1-layout4-slot34,4,Orange,goal,Nexto,1924,16.033333333333335,3,7,Rival,0,0,7,4,0,0,0,0,0,0,0,0
plus_180,291,side1-layout0-slot35,0,Orange,goal,Nexto,2760,23.0,5,11,Rival,0,0,15,4,0,0,0,0,0,0,0,0
plus_180,292,side1-layout1-slot36,1,Orange,goal,Nexto,1256,10.466666666666667,2,5,Rival,0,0,7,4,1,0,0,0,0,0,0,0
plus_180,293,side1-layout2-slot37,2,Orange,goal,Nexto,2056,17.133333333333333,5,37,Rival,0,1,6,3,0,1,0,1,0,0,0,0
plus_180,294,side1-layout3-slot38,3,Orange,goal,Nexto,1192,9.933333333333334,1,6,Rival,0,0,5,2,0,0,0,0,0,0,0,0
plus_180,295,side1-layout4-slot39,4,Orange,goal,Nexto,1608,13.4,2,6,Rival,0,0,5,2,0,0,0,0,0,0,0,0
plus_180,296,side1-layout0-slot40,0,Orange,goal,Nexto,1864,15.533333333333333,1,6,Rival,0,0,8,4,0,0,0,0,0,0,0,0
plus_180,297,side1-layout1-slot41,1,Orange,goal,Nexto,1100,9.166666666666666,1,3,Rival,0,0,4,2,0,0,0,0,0,0,0,0
plus_180,298,side1-layout2-slot42,2,Orange,goal,Nexto,1004,8.366666666666667,2,3,Rival,0,0,6,2,0,1,0,1,0,0,0,0
plus_180,299,side1-layout3-slot43,3,Orange,goal,Nexto,1316,10.966666666666667,2,9,Rival,0,0,8,2,0,0,0,0,0,0,0,0
plus_180,300,side1-layout4-slot44,4,Orange,goal,Nexto,1284,10.7,2,2,Rival,0,0,7,2,1,0,0,0,0,0,0,0
plus_180,301,side1-layout0-slot45,0,Orange,goal,Nexto,1284,10.7,1,4,Rival,0,0,9,3,0,0,0,0,0,0,0,0
plus_180,302,side1-layout1-slot46,1,Orange,goal,Nexto,1704,14.2,3,21,Rival,0,0,8,2,0,0,0,0,0,0,0,0
plus_180,303,side1-layout2-slot47,2,Orange,goal,Nexto,1680,14.0,2,34,Rival,0,0,5,3,0,0,0,0,0,0,0,0
plus_180,304,side1-layout3-slot48,3,Orange,goal,Nexto,984,8.2,2,4,Rival,0,0,5,3,0,0,0,0,0,0,0,0
plus_180,305,side1-layout4-slot49,4,Orange,goal,Nexto,2552,21.266666666666666,3,9,Rival,0,0,9,5,0,0,0,0,0,0,0,0
plus_180,306,side1-layout0-slot50,0,Orange,goal,Nexto,1920,16.0,4,4,Rival,0,0,8,3,0,0,0,0,0,0,0,0
plus_180,307,side1-layout1-slot51,1,Orange,goal,Nexto,1700,14.166666666666666,0,17,Nexto,0,0,8,3,1,0,1,0,0,0,0,0
plus_180,308,side1-layout2-slot52,2,Orange,goal,Nexto,2484,20.7,2,9,Rival,0,0,9,6,1,0,1,0,0,0,0,0
plus_180,309,side1-layout3-slot53,3,Orange,goal,Nexto,2224,18.533333333333335,3,18,Rival,0,0,14,5,0,1,0,0,0,0,0,0
plus_180,310,side1-layout4-slot54,4,Orange,goal,Nexto,1684,14.033333333333333,2,4,Rival,0,0,10,5,0,0,0,0,0,0,0,0
plus_180,311,side1-layout0-slot55,0,Orange,goal,Nexto,3236,26.966666666666665,3,34,Rival,0,0,14,4,0,1,0,0,0,0,0,0
plus_180,312,side1-layout1-slot56,1,Orange,goal,Nexto,1852,15.433333333333334,2,3,Rival,0,0,8,2,0,0,0,0,0,0,0,0
plus_180,313,side1-layout2-slot57,2,Orange,goal,Nexto,1976,16.466666666666665,2,11,Rival,0,0,8,3,0,0,0,0,0,0,0,0
plus_180,314,side1-layout3-slot58,3,Orange,goal,Nexto,884,7.366666666666666,2,4,Rival,0,0,5,3,0,0,0,0,0,0,0,0
plus_180,315,side1-layout4-slot59,4,Orange,goal,Nexto,1132,9.433333333333334,2,4,Rival,0,0,5,2,0,0,0,0,0,0,0,0
plus_180,316,side1-layout0-slot60,0,Orange,goal,Nexto,1312,10.933333333333334,2,12,Nexto,0,0,7,4,0,0,0,0,0,0,0,0
plus_180,317,side1-layout1-slot61,1,Orange,goal,Nexto,1020,8.5,1,6,Rival,0,0,4,1,0,0,0,0,0,0,0,0
plus_180,318,side1-layout2-slot62,2,Orange,goal,Nexto,1944,16.2,1,6,Nexto,0,0,8,3,0,0,0,0,0,0,0,0
plus_180,319,side1-layout3-slot63,3,Orange,goal,Nexto,788,6.566666666666666,2,3,Rival,0,0,4,3,0,0,0,0,0,0,0,0
plus_180,320,side1-layout4-slot64,4,Orange,goal,Nexto,1584,13.2,2,12,Rival,0,0,7,4,0,0,0,0,0,0,0,0
plus_180,321,side1-layout0-slot65,0,Orange,goal,Nexto,2072,17.266666666666666,2,7,Rival,0,0,9,4,2,1,2,0,0,0,0,0
plus_180,322,side1-layout1-slot66,1,Orange,goal,Nexto,1636,13.633333333333333,2,6,Rival,0,0,6,4,0,0,0,0,0,0,0,0
plus_180,323,side1-layout2-slot67,2,Orange,goal,Nexto,888,7.4,3,12,Rival,0,0,5,2,0,0,0,0,0,0,0,0
plus_180,324,side1-layout3-slot68,3,Orange,goal,Nexto,2612,21.766666666666666,4,6,Rival,0,0,14,4,0,0,0,0,0,0,0,0
plus_180,325,side1-layout4-slot69,4,Orange,goal,Nexto,1252,10.433333333333334,3,21,Rival,0,0,6,1,0,0,0,0,0,0,0,0
plus_180,326,side1-layout0-slot70,0,Orange,goal,Nexto,1992,16.6,3,19,Rival,0,0,7,3,0,0,0,0,0,0,0,0
plus_180,327,side1-layout1-slot71,1,Orange,goal,Nexto,2108,17.566666666666666,6,6,Rival,0,0,11,4,0,0,0,0,0,0,0,0
plus_180,328,side1-layout2-slot72,2,Orange,goal,Nexto,1648,13.733333333333333,4,4,Rival,0,0,4,3,0,0,0,0,0,0,0,0
plus_180,329,side1-layout3-slot73,3,Orange,goal,Nexto,848,7.066666666666666,3,3,Rival,0,0,4,2,0,0,0,0,0,0,0,0
plus_180,330,side1-layout4-slot74,4,Orange,goal,Nexto,2200,18.333333333333332,2,24,Rival,0,0,8,3,0,0,0,0,0,0,0,0
plus_180,331,side1-layout0-slot75,0,Orange,goal,Nexto,1948,16.233333333333334,3,12,Rival,0,0,10,4,0,0,0,0,0,0,0,0
plus_180,332,side1-layout1-slot76,1,Orange,goal,Nexto,952,7.933333333333334,2,5,Rival,0,0,6,2,0,0,0,0,0,0,0,0
plus_180,333,side1-layout2-slot77,2,Orange,goal,Nexto,1668,13.9,2,22,Rival,0,0,6,4,0,0,0,0,0,0,0,0
plus_180,334,side1-layout3-slot78,3,Orange,goal,Nexto,1772,14.766666666666667,4,6,Rival,0,0,7,3,0,0,0,0,0,0,0,0
plus_180,335,side1-layout4-slot79,4,Orange,goal,Nexto,752,6.266666666666667,2,3,Rival,0,0,2,2,0,0,0,0,0,0,0,0
plus_180,336,side1-layout0-slot80,0,Orange,goal,Nexto,1048,8.733333333333333,1,2,Rival,0,0,4,1,0,0,0,0,0,0,0,0
plus_180,337,side1-layout1-slot81,1,Orange,goal,Nexto,1120,9.333333333333334,1,2,Rival,0,0,5,2,0,0,0,0,0,0,0,0
plus_180,338,side1-layout2-slot82,2,Orange,goal,Nexto,1596,13.3,3,6,Rival,0,0,4,3,0,0,0,0,0,0,0,0
plus_180,339,side1-layout3-slot83,3,Orange,goal,Nexto,1388,11.566666666666666,2,6,Rival,0,0,6,3,0,0,0,0,0,0,0,0
plus_180,340,side1-layout4-slot84,4,Orange,goal,Rival,900,7.5,3,2,Rival,0,0,4,2,0,0,0,0,0,0,0,0
plus_180,341,side1-layout0-slot85,0,Orange,goal,Nexto,1108,9.233333333333333,1,4,Rival,0,1,3,2,0,0,0,0,0,0,0,0
plus_180,342,side1-layout1-slot86,1,Orange,goal,Nexto,1208,10.066666666666666,1,12,Rival,0,0,5,2,1,0,1,0,0,0,0,0
plus_180,343,side1-layout2-slot87,2,Orange,goal,Nexto,2648,22.066666666666666,3,12,Rival,0,0,12,6,0,0,0,0,0,0,0,0
plus_180,344,side1-layout3-slot88,3,Orange,goal,Nexto,3828,31.9,5,10,Rival,0,1,17,10,0,0,0,0,0,0,0,0
plus_180,345,side1-layout4-slot89,4,Orange,goal,Nexto,876,7.3,2,2,Rival,0,0,5,2,0,0,0,0,0,0,0,0
plus_180,346,side1-layout0-slot90,0,Orange,goal,Nexto,932,7.766666666666667,1,2,Rival,0,0,4,1,0,0,0,0,0,0,0,0
plus_180,347,side1-layout1-slot91,1,Orange,goal,Nexto,1824,15.2,4,4,Rival,0,0,10,2,0,0,0,0,0,0,0,0
plus_180,348,side1-layout2-slot92,2,Orange,goal,Nexto,1812,15.1,3,6,Rival,0,1,8,4,0,0,0,0,0,0,0,0
plus_180,349,side1-layout3-slot93,3,Orange,goal,Nexto,1444,12.033333333333333,2,4,Rival,0,0,8,2,0,0,0,0,0,0,0,0
plus_180,350,side1-layout4-slot94,4,Orange,goal,Nexto,1640,13.666666666666666,2,6,Rival,0,0,6,3,0,1,0,0,0,0,0,0
plus_180,351,side1-layout0-slot95,0,Orange,goal,Nexto,1572,13.1,1,7,Rival,0,0,6,4,0,0,0,0,0,0,0,0
plus_180,352,side1-layout1-slot96,1,Orange,goal,Nexto,1848,15.4,3,26,Rival,0,0,7,2,1,0,0,0,0,0,0,0
plus_180,353,side1-layout2-slot97,2,Orange,goal,Nexto,1444,12.033333333333333,1,7,Nexto,1,0,7,3,0,0,0,0,0,0,0,0
plus_180,354,side1-layout3-slot98,3,Orange,goal,Nexto,4160,34.666666666666664,5,18,Rival,0,0,17,5,1,0,1,0,0,0,0,0
plus_180,355,side1-layout4-slot99,4,Orange,goal,Nexto,1552,12.933333333333334,2,6,Rival,0,0,10,3,0,0,0,0,0,0,0,0
plus_180,356,side1-layout0-slot100,0,Orange,goal,Nexto,1904,15.866666666666667,6,26,Rival,1,0,9,4,0,0,0,0,0,0,0,0
plus_180,357,side1-layout1-slot101,1,Orange,goal,Nexto,2852,23.766666666666666,4,6,Rival,0,0,9,5,0,0,0,0,0,0,0,0
plus_180,358,side1-layout2-slot102,2,Orange,goal,Nexto,704,5.866666666666666,0,2,Nexto,0,0,3,1,0,0,0,0,0,0,0,0
plus_180,359,side1-layout3-slot103,3,Orange,goal,Nexto,2412,20.1,6,10,Rival,0,0,12,7,0,0,0,0,0,0,0,0
plus_180,360,side1-layout4-slot104,4,Orange,goal,Nexto,2028,16.9,4,20,Rival,0,0,8,3,0,0,0,0,0,0,0,0
plus_180,361,side1-layout0-slot105,0,Orange,goal,Nexto,1744,14.533333333333333,3,3,Rival,0,0,8,3,0,0,0,0,0,0,0,0
plus_180,362,side1-layout1-slot106,1,Orange,goal,Nexto,1356,11.3,1,6,Rival,0,0,5,2,1,0,1,0,0,0,0,0
plus_180,363,side1-layout2-slot107,2,Orange,goal,Nexto,1444,12.033333333333333,1,5,Rival,0,0,6,2,0,0,0,0,0,0,0,0
plus_180,364,side1-layout3-slot108,3,Orange,goal,Nexto,1752,14.6,3,12,Rival,0,0,8,3,1,0,0,0,0,0,0,0
plus_180,365,side1-layout4-slot109,4,Orange,goal,Nexto,1308,10.9,2,3,Rival,0,0,6,4,0,0,0,0,0,0,0,0
plus_180,366,side1-layout0-slot110,0,Orange,goal,Nexto,1164,9.7,3,9,Rival,0,0,4,3,0,0,0,0,0,0,0,0
plus_180,367,side1-layout1-slot111,1,Orange,goal,Nexto,1820,15.166666666666666,2,27,Rival,0,0,9,3,1,0,1,0,0,0,0,0
plus_180,368,side1-layout2-slot112,2,Orange,goal,Nexto,1696,14.133333333333333,1,12,Nexto,0,0,6,5,0,0,0,0,0,0,0,0
plus_180,369,side1-layout3-slot113,3,Orange,goal,Nexto,3136,26.133333333333333,5,10,Rival,0,0,12,4,0,0,0,0,0,0,0,0
plus_180,370,side1-layout4-slot114,4,Orange,goal,Nexto,804,6.7,2,2,Rival,0,0,4,1,0,1,0,0,0,0,0,0
plus_180,371,side1-layout0-slot115,0,Orange,goal,Nexto,2200,18.333333333333332,2,6,Rival,0,0,10,4,0,0,0,0,0,0,0,0
plus_180,372,side1-layout1-slot116,1,Orange,goal,Nexto,1468,12.233333333333333,1,6,Rival,0,0,5,3,0,0,0,0,0,0,0,0
plus_180,373,side1-layout2-slot117,2,Orange,goal,Nexto,876,7.3,2,2,Rival,0,0,4,3,0,0,0,0,0,0,0,0
plus_180,374,side1-layout3-slot118,3,Orange,goal,Nexto,1124,9.366666666666667,2,4,Rival,1,0,5,2,1,0,0,0,0,0,0,0
plus_180,375,side1-layout4-slot119,4,Orange,goal,Nexto,1348,11.233333333333333,3,3,Rival,0,0,4,2,0,0,0,0,0,0,0,0
plus_180,376,side1-layout0-slot120,0,Orange,goal,Nexto,1324,11.033333333333333,4,8,Rival,1,0,6,2,0,0,0,0,0,0,0,0
plus_180,377,side1-layout1-slot121,1,Orange,goal,Nexto,1652,13.766666666666667,1,12,Rival,0,0,5,3,0,0,0,0,0,0,0,0
plus_180,378,side1-layout2-slot122,2,Orange,goal,Nexto,776,6.466666666666667,1,3,Nexto,1,0,4,2,0,0,0,0,0,0,0,0
plus_180,379,side1-layout3-slot123,3,Orange,goal,Nexto,2068,17.233333333333334,3,3,Rival,0,0,9,4,0,1,0,1,0,0,0,0
plus_180,380,side1-layout4-slot124,4,Orange,goal,Nexto,1836,15.3,3,8,Rival,0,0,7,4,1,0,1,0,0,0,0,0
plus_180,381,side1-layout0-slot125,0,Orange,goal,Nexto,1628,13.566666666666666,2,4,Rival,0,0,11,2,0,0,0,0,0,0,0,0
plus_180,382,side1-layout1-slot126,1,Orange,goal,Nexto,1680,14.0,2,2,Rival,0,0,8,3,0,0,0,0,0,0,0,0
plus_180,383,side1-layout2-slot127,2,Orange,goal,Nexto,1460,12.166666666666666,2,3,Nexto,0,0,13,2,4,0,4,0,0,0,4,0
plus_180,384,side1-layout3-slot128,3,Orange,goal,Rival,948,7.9,5,1,Rival,0,0,4,3,1,0,0,0,0,0,0,0
plus_180,385,side1-layout4-slot129,4,Orange,goal,Nexto,924,7.7,2,3,Rival,0,0,5,2,0,0,0,0,0,0,0,0
plus_180,386,side1-layout0-slot130,0,Orange,goal,Nexto,1644,13.7,3,4,Rival,0,0,7,2,0,0,0,0,0,0,0,0
plus_180,387,side1-layout1-slot131,1,Orange,goal,Nexto,2552,21.266666666666666,5,8,Rival,0,0,12,5,0,0,0,0,0,0,0,0
plus_180,388,side1-layout2-slot132,2,Orange,goal,Nexto,1500,12.5,1,11,Nexto,0,0,8,2,1,0,1,0,0,0,0,0
plus_180,389,side1-layout3-slot133,3,Orange,goal,Nexto,1508,12.566666666666666,2,2,Rival,0,0,4,2,0,0,0,0,0,0,0,0
plus_180,390,side1-layout4-slot134,4,Orange,goal,Nexto,748,6.233333333333333,2,3,Rival,0,0,3,2,0,1,0,0,0,0,0,0
plus_180,391,side1-layout0-slot135,0,Orange,goal,Nexto,844,7.033333333333333,1,2,Rival,0,0,4,2,0,0,0,0,0,0,0,0
plus_180,392,side1-layout1-slot136,1,Orange,goal,Nexto,1036,8.633333333333333,3,5,Rival,0,0,6,4,0,0,0,0,0,0,0,0
plus_180,393,side1-layout2-slot137,2,Orange,goal,Nexto,4844,40.36666666666667,12,49,Rival,0,0,19,6,0,1,0,0,0,0,0,0
plus_180,394,side1-layout3-slot138,3,Orange,goal,Nexto,1576,13.133333333333333,2,8,Rival,0,0,9,2,0,0,0,0,0,0,0,0
plus_180,395,side1-layout4-slot139,4,Orange,goal,Nexto,2008,16.733333333333334,4,11,Rival,0,0,9,3,0,0,0,0,0,0,0,0
plus_180,396,side1-layout0-slot140,0,Orange,goal,Nexto,4232,35.266666666666666,4,13,Rival,0,0,18,8,1,0,1,0,0,0,0,0
plus_180,397,side1-layout1-slot141,1,Orange,goal,Nexto,1820,15.166666666666666,2,7,Rival,0,0,8,5,0,0,0,0,0,0,0,0
plus_180,398,side1-layout2-slot142,2,Orange,goal,Nexto,2232,18.6,5,8,Rival,0,1,10,4,0,0,0,0,0,0,0,0
plus_180,399,side1-layout3-slot143,3,Orange,goal,Nexto,1176,9.8,2,4,Rival,0,0,6,1,0,0,0,0,0,0,0,0
plus_180,400,side1-layout4-slot144,4,Orange,goal,Nexto,1128,9.4,3,5,Rival,0,0,4,1,0,0,0,0,0,0,0,0
plus_180,401,side1-layout0-slot145,0,Orange,goal,Nexto,2148,17.9,2,8,Rival,0,0,5,4,0,0,0,0,0,0,0,0
plus_180,402,side1-layout1-slot146,1,Orange,goal,Rival,760,6.333333333333333,3,1,Rival,0,0,3,2,0,0,0,0,0,0,0,0
plus_180,403,side1-layout2-slot147,2,Orange,goal,Nexto,1428,11.9,3,3,Rival,0,1,7,2,0,0,0,0,0,0,0,0
plus_180,404,side1-layout3-slot148,3,Orange,goal,Nexto,1484,12.366666666666667,3,5,Nexto,1,0,6,3,0,1,0,0,0,0,0,0
plus_180,405,side1-layout4-slot149,4,Orange,goal,Nexto,4324,36.03333333333333,6,10,Rival,0,0,12,6,1,1,1,0,0,0,0,0
plus_180,406,side1-layout0-slot150,0,Orange,goal,Nexto,1836,15.3,4,28,Rival,0,0,11,3,0,0,0,0,0,0,0,0
plus_180,407,side1-layout1-slot151,1,Orange,goal,Nexto,872,7.266666666666667,1,2,Rival,0,0,2,1,0,0,0,0,0,0,0,0
plus_180,408,side1-layout2-slot152,2,Orange,goal,Nexto,2876,23.966666666666665,2,9,Nexto,1,0,17,4,0,0,0,0,0,0,0,0
plus_180,409,side1-layout3-slot153,3,Orange,goal,Nexto,2008,16.733333333333334,4,6,Rival,0,0,9,4,1,0,0,0,0,0,0,0
plus_180,410,side1-layout4-slot154,4,Orange,goal,Nexto,1536,12.8,2,6,Rival,0,1,8,4,0,0,0,0,0,0,0,0
plus_180,411,side1-layout0-slot155,0,Orange,goal,Nexto,3648,30.4,3,20,Nexto,0,0,12,6,0,1,0,1,0,0,0,0
plus_180,412,side1-layout1-slot156,1,Orange,goal,Nexto,1008,8.4,1,2,Rival,0,0,6,2,0,0,0,0,0,0,0,0
plus_180,413,side1-layout2-slot157,2,Orange,goal,Nexto,1232,10.266666666666667,1,4,Nexto,0,0,6,3,0,0,0,0,0,0,0,0
plus_180,414,side1-layout3-slot158,3,Orange,goal,Nexto,888,7.4,2,3,Rival,0,0,4,2,0,0,0,0,0,0,0,0
plus_180,415,side1-layout4-slot159,4,Orange,goal,Nexto,2316,19.3,2,8,Rival,0,1,13,4,3,0,1,0,0,0,2,0
plus_180,416,side1-layout0-slot160,0,Orange,goal,Nexto,1216,10.133333333333333,4,6,Rival,0,0,7,1,0,0,0,0,0,0,0,0
plus_180,417,side1-layout1-slot161,1,Orange,goal,Nexto,1260,10.5,1,3,Rival,0,0,7,2,0,0,0,0,0,0,0,0
plus_180,418,side1-layout2-slot162,2,Orange,goal,Nexto,1572,13.1,4,5,Rival,1,0,9,4,0,0,0,0,0,0,0,0
plus_180,419,side1-layout3-slot163,3,Orange,goal,Nexto,1352,11.266666666666667,2,7,Rival,0,0,8,3,0,0,0,0,0,0,0,0
plus_180,420,side1-layout4-slot164,4,Orange,goal,Nexto,912,7.6,3,14,Rival,0,0,6,2,0,0,0,0,0,0,0,0
plus_180,421,side1-layout0-slot165,0,Orange,goal,Nexto,2248,18.733333333333334,1,7,Rival,0,0,11,2,1,0,1,0,0,0,0,0
plus_180,422,side1-layout1-slot166,1,Orange,goal,Rival,892,7.433333333333334,3,2,Rival,0,0,2,3,0,0,0,0,0,0,0,0
plus_180,423,side1-layout2-slot167,2,Orange,goal,Nexto,1360,11.333333333333334,2,6,Nexto,1,0,7,2,0,0,0,0,0,0,0,0
plus_180,424,side1-layout3-slot168,3,Orange,goal,Nexto,1352,11.266666666666667,2,6,Rival,0,1,9,2,1,0,0,0,0,0,0,0
plus_180,425,side1-layout4-slot169,4,Orange,goal,Nexto,1316,10.966666666666667,2,3,Rival,0,0,7,3,0,1,0,0,0,0,0,0
plus_180,426,side1-layout0-slot170,0,Orange,goal,Rival,2676,22.3,8,6,Rival,1,0,11,3,1,0,1,0,0,0,0,0
plus_180,427,side1-layout1-slot171,1,Orange,goal,Nexto,1512,12.6,1,27,Rival,0,0,7,3,0,0,0,0,0,0,0,0
plus_180,428,side1-layout2-slot172,2,Orange,goal,Nexto,1176,9.8,1,4,Nexto,0,0,8,1,0,0,0,0,0,0,0,0
plus_180,429,side1-layout3-slot173,3,Orange,goal,Nexto,1148,9.566666666666666,2,5,Rival,0,0,6,2,0,0,0,0,0,0,0,0
plus_180,430,side1-layout4-slot174,4,Orange,goal,Nexto,1656,13.8,5,26,Rival,0,0,8,2,0,0,0,0,0,0,0,0
plus_180,431,side1-layout0-slot175,0,Orange,goal,Nexto,1880,15.666666666666666,2,8,Rival,0,0,9,4,1,0,1,0,0,0,0,0
plus_180,432,side1-layout1-slot176,1,Orange,goal,Nexto,1180,9.833333333333334,1,10,Rival,0,0,5,2,0,0,0,0,0,0,0,0
plus_180,433,side1-layout2-slot177,2,Orange,goal,Nexto,3248,27.066666666666666,13,33,Rival,0,0,15,5,2,0,2,0,0,0,0,0
plus_180,434,side1-layout3-slot178,3,Orange,goal,Nexto,1228,10.233333333333333,2,4,Rival,0,0,8,2,0,0,0,0,0,0,0,0
plus_180,435,side1-layout4-slot179,4,Orange,goal,Nexto,1292,10.766666666666667,3,5,Rival,0,0,6,2,0,0,0,0,0,0,0,0
plus_180,436,side1-layout0-slot180,0,Orange,goal,Nexto,1180,9.833333333333334,1,5,Rival,0,0,7,1,0,0,0,0,0,0,0,0
plus_180,437,side1-layout1-slot181,1,Orange,goal,Nexto,1928,16.066666666666666,5,5,Rival,0,0,8,3,0,0,0,0,0,0,0,0
plus_180,438,side1-layout2-slot182,2,Orange,goal,Nexto,1540,12.833333333333334,2,12,Rival,0,0,5,3,0,0,0,0,0,0,0,0
plus_180,439,side1-layout3-slot183,3,Orange,goal,Nexto,3576,29.8,3,10,Rival,0,0,18,8,0,0,0,0,0,0,0,0
plus_180,440,side1-layout4-slot184,4,Orange,goal,Nexto,780,6.5,2,3,Rival,0,0,2,2,0,1,0,1,0,0,0,0
plus_180,441,side1-layout0-slot185,0,Orange,goal,Nexto,1492,12.433333333333334,2,22,Rival,0,0,6,3,1,0,0,0,0,0,0,0
plus_180,442,side1-layout1-slot186,1,Orange,goal,Rival,528,4.4,2,0,Rival,0,0,3,1,0,1,0,1,0,0,0,0
plus_180,443,side1-layout2-slot187,2,Orange,goal,Nexto,1888,15.733333333333333,3,3,Rival,0,0,9,3,0,0,0,0,0,0,0,0
plus_180,444,side1-layout3-slot188,3,Orange,goal,Nexto,1768,14.733333333333333,3,6,Rival,0,0,9,4,0,0,0,0,0,0,0,0
plus_180,445,side1-layout4-slot189,4,Orange,goal,Nexto,1780,14.833333333333334,3,6,Rival,0,0,7,4,0,0,0,0,0,0,0,0
plus_180,446,side1-layout0-slot190,0,Orange,goal,Nexto,1848,15.4,3,3,Rival,0,0,10,1,0,0,0,0,0,0,0,0
plus_180,447,side1-layout1-slot191,1,Orange,goal,Nexto,2372,19.766666666666666,2,11,Rival,0,0,10,3,0,0,0,0,0,0,0,0
plus_180,448,side1-layout2-slot192,2,Orange,goal,Rival,808,6.733333333333333,4,3,Rival,0,0,4,3,0,0,0,0,0,0,0,0
plus_180,449,side1-layout3-slot193,3,Orange,goal,Nexto,1660,13.833333333333334,3,5,Rival,0,0,9,4,0,0,0,0,0,0,0,0
plus_180,450,side1-layout4-slot194,4,Orange,goal,Nexto,952,7.933333333333334,1,2,Rival,0,0,4,1,0,0,0,0,0,0,0,0
plus_180,451,side1-layout0-slot195,0,Orange,goal,Nexto,2088,17.4,3,29,Rival,0,0,12,4,0,0,0,0,0,0,0,0
plus_180,452,side1-layout1-slot196,1,Orange,goal,Rival,728,6.066666666666666,3,1,Rival,0,0,3,1,0,0,0,0,0,0,0,0
plus_180,453,side1-layout2-slot197,2,Orange,goal,Nexto,2292,19.1,2,12,Rival,0,0,8,6,1,0,1,0,0,0,0,0
plus_180,454,side1-layout3-slot198,3,Orange,goal,Nexto,2092,17.433333333333334,2,11,Rival,0,0,11,2,1,0,1,0,0,0,0,0
plus_180,455,side1-layout4-slot199,4,Orange,goal,Nexto,1168,9.733333333333333,2,6,Rival,0,0,8,2,0,0,0,0,0,0,0,0
plus_180,456,side1-layout0-slot200,0,Orange,goal,Nexto,828,6.9,1,2,Rival,0,0,3,1,0,0,0,0,0,0,0,0
plus_180,457,side1-layout1-slot201,1,Orange,goal,Nexto,1716,14.3,4,7,Rival,0,0,8,2,0,0,0,0,0,0,0,0
plus_180,458,side1-layout2-slot202,2,Orange,goal,Nexto,720,6.0,0,2,Nexto,0,0,3,1,0,0,0,0,0,0,0,0
plus_180,459,side1-layout3-slot203,3,Orange,goal,Nexto,1756,14.633333333333333,3,3,Rival,0,0,6,1,0,0,0,0,0,0,0,0
plus_180,460,side1-layout4-slot204,4,Orange,goal,Nexto,1656,13.8,7,7,Rival,0,0,7,4,0,0,0,0,0,0,0,0
plus_180,461,side1-layout0-slot205,0,Orange,goal,Nexto,1704,14.2,2,22,Rival,0,0,9,3,0,0,0,0,0,0,0,0
plus_180,462,side1-layout1-slot206,1,Orange,goal,Nexto,1836,15.3,2,36,Rival,0,0,6,3,0,0,0,0,0,0,0,0
plus_180,463,side1-layout2-slot207,2,Orange,goal,Nexto,1612,13.433333333333334,2,25,Rival,0,0,8,2,1,0,1,0,0,0,0,0
plus_180,464,side1-layout3-slot208,3,Orange,goal,Nexto,1996,16.633333333333333,11,15,Rival,0,0,9,4,1,0,0,0,0,0,0,0
plus_180,465,side1-layout4-slot209,4,Orange,goal,Nexto,1204,10.033333333333333,2,3,Rival,0,0,7,2,0,0,0,0,0,0,0,0
plus_180,466,side1-layout0-slot210,0,Orange,goal,Nexto,1692,14.1,4,4,Rival,0,0,9,3,0,0,0,0,0,0,0,0
plus_180,467,side1-layout1-slot211,1,Orange,goal,Nexto,1252,10.433333333333334,2,10,Rival,0,0,8,1,0,0,0,0,0,0,0,0
plus_180,468,side1-layout2-slot212,2,Orange,goal,Nexto,3372,28.1,4,9,Rival,1,0,15,5,1,0,1,0,0,0,0,0
plus_180,469,side1-layout3-slot213,3,Orange,goal,Nexto,1992,16.6,5,5,Rival,0,0,8,4,0,0,0,0,0,0,0,0
plus_180,470,side1-layout4-slot214,4,Orange,goal,Nexto,3376,28.133333333333333,2,21,Rival,0,0,14,6,1,0,1,0,0,0,0,0
plus_180,471,side1-layout0-slot215,0,Orange,goal,Nexto,2132,17.766666666666666,3,9,Rival,0,0,10,3,0,0,0,0,0,0,0,0
plus_180,472,side1-layout1-slot216,1,Orange,goal,Nexto,1176,9.8,2,2,Rival,0,0,8,2,0,0,0,0,0,0,0,0
plus_180,473,side1-layout2-slot217,2,Orange,goal,Nexto,3556,29.633333333333333,15,12,Rival,0,0,14,6,2,0,1,0,0,0,0,0
plus_180,474,side1-layout3-slot218,3,Orange,goal,Nexto,1512,12.6,4,9,Rival,0,0,9,2,1,0,0,0,0,0,0,0
plus_180,475,side1-layout4-slot219,4,Orange,goal,Rival,2032,16.933333333333334,4,4,Rival,0,0,9,4,1,1,0,1,0,0,0,0
plus_180,476,side1-layout0-slot220,0,Orange,goal,Rival,3096,25.8,7,9,Rival,0,0,8,5,0,0,0,0,0,0,0,0
plus_180,477,side1-layout1-slot221,1,Orange,goal,Nexto,2604,21.7,6,40,Rival,0,1,11,2,0,0,0,0,0,0,0,0
plus_180,478,side1-layout2-slot222,2,Orange,goal,Rival,896,7.466666666666667,2,2,Rival,0,0,5,2,0,0,0,0,0,0,0,0
plus_180,479,side1-layout3-slot223,3,Orange,goal,Nexto,2108,17.566666666666666,5,9,Rival,0,0,10,4,0,0,0,0,0,0,0,0
plus_180,480,side1-layout4-slot224,4,Orange,goal,Nexto,1236,10.3,4,4,Rival,0,0,6,3,0,0,0,0,0,0,0,0
plus_180,481,side1-layout0-slot225,0,Orange,goal,Nexto,1556,12.966666666666667,1,27,Rival,0,0,8,2,0,0,0,0,0,0,0,0
plus_180,482,side1-layout1-slot226,1,Orange,goal,Nexto,1360,11.333333333333334,2,15,Rival,0,0,7,2,0,0,0,0,0,0,0,0
plus_180,483,side1-layout2-slot227,2,Orange,goal,Nexto,1824,15.2,1,5,Nexto,0,0,9,0,0,0,0,0,0,0,0,0
plus_180,484,side1-layout3-slot228,3,Orange,goal,Nexto,848,7.066666666666666,2,5,Rival,0,0,4,3,0,0,0,0,0,0,0,0
plus_180,485,side1-layout4-slot229,4,Orange,goal,Nexto,2100,17.5,2,15,Rival,0,0,11,4,0,0,0,0,0,0,0,0
plus_180,486,side1-layout0-slot230,0,Orange,goal,Nexto,1512,12.6,3,20,Rival,0,0,6,4,0,0,0,0,0,0,0,0
plus_180,487,side1-layout1-slot231,1,Orange,goal,Nexto,1596,13.3,2,25,Rival,0,0,9,2,1,0,1,0,0,0,0,0
plus_180,488,side1-layout2-slot232,2,Orange,goal,Nexto,844,7.033333333333333,2,5,Rival,1,0,4,3,0,0,0,0,0,0,0,0
plus_180,489,side1-layout3-slot233,3,Orange,goal,Nexto,2296,19.133333333333333,2,9,Rival,0,0,10,3,1,0,1,0,0,0,0,0
plus_180,490,side1-layout4-slot234,4,Orange,goal,Nexto,1276,10.633333333333333,2,19,Rival,0,0,6,2,0,0,0,0,0,0,0,0
plus_180,491,side1-layout0-slot235,0,Orange,goal,Nexto,2836,23.633333333333333,7,11,Rival,0,0,15,1,0,0,0,0,0,0,0,0
plus_180,492,side1-layout1-slot236,1,Orange,goal,Nexto,1764,14.7,1,2,Rival,0,0,8,3,0,0,0,0,0,0,0,0
plus_180,493,side1-layout2-slot237,2,Orange,goal,Nexto,1084,9.033333333333333,1,3,Nexto,1,0,6,2,0,0,0,0,0,0,0,0
plus_180,494,side1-layout3-slot238,3,Orange,goal,Nexto,1392,11.6,2,6,Rival,0,0,9,2,0,0,0,0,0,0,0,0
plus_180,495,side1-layout4-slot239,4,Orange,goal,Nexto,896,7.466666666666667,2,4,Rival,0,0,4,3,0,1,0,1,0,0,0,0
plus_180,496,side1-layout0-slot240,0,Orange,goal,Nexto,1716,14.3,3,5,Rival,0,0,9,5,0,0,0,0,0,0,0,0
plus_180,497,side1-layout1-slot241,1,Orange,goal,Nexto,1888,15.733333333333333,3,6,Rival,0,0,9,2,0,0,0,0,0,0,0,0
plus_180,498,side1-layout2-slot242,2,Orange,goal,Nexto,1264,10.533333333333333,1,3,Nexto,0,0,4,3,0,0,0,0,0,0,0,0
plus_180,499,side1-layout3-slot243,3,Orange,goal,Nexto,784,6.533333333333333,2,2,Rival,0,0,3,2,0,0,0,0,0,0,0,0
plus_180,500,side1-layout4-slot244,4,Orange,goal,Nexto,1048,8.733333333333333,2,4,Rival,0,0,5,2,0,0,0,0,0,0,0,0
plus_180,501,side1-layout0-slot245,0,Orange,goal,Nexto,1852,15.433333333333334,2,26,Rival,0,0,10,3,0,0,0,0,0,0,0,0
plus_180,502,side1-layout1-slot246,1,Orange,goal,Nexto,1580,13.166666666666666,1,2,Rival,0,0,8,3,0,0,0,0,0,0,0,0
plus_180,503,side1-layout2-slot247,2,Orange,goal,Nexto,1172,9.766666666666667,2,6,Nexto,1,0,8,3,0,0,0,0,0,0,0,0
plus_180,504,side1-layout3-slot248,3,Orange,goal,Nexto,4020,33.5,4,25,Rival,0,0,12,9,0,0,0,0,0,0,0,0
plus_180,505,side1-layout4-slot249,4,Orange,goal,Nexto,1864,15.533333333333333,4,5,Rival,0,0,9,3,0,0,0,0,0,0,0,0
plus_180,506,side1-layout0-slot250,0,Orange,goal,Nexto,4092,34.1,6,10,Rival,0,0,17,8,0,1,0,1,0,0,0,0
plus_180,507,side1-layout1-slot251,1,Orange,goal,Rival,544,4.533333333333333,2,1,Rival,0,0,2,2,0,0,0,0,0,0,0,0
plus_180,508,side1-layout2-slot252,2,Orange,goal,Nexto,1384,11.533333333333333,1,6,Nexto,1,0,6,2,0,0,0,0,0,0,0,0
plus_180,509,side1-layout3-slot253,3,Orange,goal,Rival,924,7.7,2,1,Rival,0,0,4,1,0,1,0,1,0,0,0,0
plus_180,510,side1-layout4-slot254,4,Orange,goal,Nexto,2280,19.0,4,7,Rival,0,0,7,3,0,0,0,0,0,0,0,0
plus_180,511,side1-layout0-slot255,0,Orange,goal,Nexto,2920,24.333333333333332,5,43,Rival,0,0,11,3,0,0,0,0,0,0,0,0
